title,title_norm,date
A Barbecue In The Backyard,a barbecue in the backyard,2025-08-21
A Beautiful Day On The Expressway,a beautiful day on the expressway,2025-01-01
Appreciating the Snowplow Guy,appreciating the snowplow guy,2024-12-07
Are We a Government of One?,are we a government of one-,2025-05-31
Awaiting the Decision of the Electorate,awaiting the decision of the electorate,2024-11-05
Back to the 50â€™s?,back to the 50's-,2025-11-02
Breaking Down The Barrier,breaking down the barrier,2024-09-05
Bridge Reconstruction Ramps Up,bridge reconstruction ramps up,2025-05-26
Chautauqua Lake Bridge Update,chautauqua lake bridge update,2025-01-01
Comparing the Cabinets of Trump and Lincoln,comparing the cabinets of trump and lincoln,2024-11-24
Expanding the Southern Tier,expanding the southern tier,2025-01-01
Facing the Challenges of Local Government,facing the challenges of local government,2026-01-22
Good Progress Being Made On The Bridge,good progress being made on the bridge,2025-10-24
Happenings On The Lake,happenings on the lake,2025-07-15
In Defense of the Blue Flame,in defense of the blue flame,2024-12-20
Let Me Thank You For Your Time,let me thank you for your time,2025-05-21
On the Lakeâ€”Phase II Sewer Construction Gearing Up,on the lake-phase ii sewer construction gearing up,2024-09-09
Ongoing Developments at the Bridge,ongoing developments at the bridge,2025-08-23
Resurrecting the Dunkirk Power Plant,resurrecting the dunkirk power plant,2026-02-15
Sewers Around Lake To Be Completed,sewers around lake to be completed,2026-02-14
Tariffs Are A Hidden Pre-Sales Tax,tariffs are a hidden pre-sales tax,2025-07-20
Thanksgiving and Deer Season,thanksgiving and deer season,2025-11-28
The Challenge of Neighborhood Renewal,the challenge of neighborhood renewal,2025-01-21
The Great American School Musical,the great american school musical,2025-04-20
The Ice Fishermen Are Back!,the ice fishermen are back!,2025-01-18
The Impact of the New Bills Stadium,the impact of the new bills stadium,2025-06-03
The Importance of Esprit De Corps,the importance of esprit de corps,2025-06-14
The Lineman Is Still On the Line,the lineman is still on the line,2026-01-30
"The Middle East, Donald Trump and the Nobel Prize","the middle east, donald trump and the nobel prize",2025-10-21
"Thus Far, A Quiet Election","thus far, a quiet election",2025-10-08
Two Guys From Queens,two guys from queens,2025-06-21
War Department Not a Good Idea,war department not a good idea,2025-09-09
When The Chickens Come Home to Roost,when the chickens come home to roost,2025-03-04
Wrecking Ball At The White House,wrecking ball at the white house,2025-10-27
