title,date
Wrecking Ball At The White House,2025-10-27
When The Chickens Come Home to Roost,2025-03-04
War Department Not a Good Idea,2025-09-09
Two Guys From Queens,2025-06-21
"Thus Far, A Quiet Election",2025-10-08
"The Middle East, Donald Trump and the Nobel Prize",2025-10-21
The Lineman Is Still On the Line,2026-01-30
The Importance of Esprit De Corps,2025-06-14
The Impact of the New Bills Stadium,2025-06-03
The Ice Fishermen Are Back!,2025-01-18
The Great American School Musical,2025-04-20
The Challenge of Neighborhood Renewal,2025-01-21
Thanksgiving and Deer Season,2025-11-28
Tariffs Are A Hidden Pre-Sales Tax,2025-07-20
Sewers Around Lake To Be Completed,2026-02-14
Resurrecting the Dunkirk Power Plant,2026-02-15
Ongoing Developments at the Bridge,2025-08-23
On the Lakeâ€”Phase II Sewer Construction Gearing Up,2024-09-09
Let Me Thank You For Your Time,2025-05-21
In Defense of the Blue Flame,2024-12-20
Happenings On The Lake,2025-07-15
Good Progress Being Made On The Bridge,2025-10-24
Facing the Challenges of Local Government,2026-01-22
Expanding the Southern Tier,2025-01-01
Comparing the Cabinets of Trump and Lincoln,2024-11-24
Chautauqua Lake Bridge Update 2,2025-08-27
Chautauqua Lake Bridge Update,2025-01-01
Bridge Reconstruction Ramps Up,2025-05-26
Breaking Down The Barrier,2024-09-05
Back to the 50â€™s?,2025-11-02
Awaiting the Decision of the Electorate,2024-11-05
Are We a Government of One?,2025-05-31
Appreciating the Snowplow Guy,2024-12-07
A Beautiful Day On The Expressway,2025-01-01
A Barbecue In The Backyard,2025-08-21
